n,q_plus,q_minus
2,3,2
4,3,3
6,5,5
8,3,3
10,3,3
12,5,5
14,3,3
16,7,5
18,7,7
20,19,3
22,3,5
24,11,5
26,7,3
28,3,11
30,7,13
32,7,3
34,7,3
36,5,5
38,3,5
40,7,3
42,13,5
44,13,3
46,13,3
48,5,7
50,3,23
52,3,5
54,11,7
56,31,17
58,7,3
60,7,7
62,3,11
64,3,3
66,7,7
68,13,3
70,3,11
72,5,5
74,3,5
76,3,59
78,5,5
80,73,3
82,13,5
84,13,13
86,37,3
88,13,3
90,11,7
92,3,3
94,3,5
96,5,7
98,19,3
100,7,59
102,23,5
104,31,17
106,3,23
108,13,7
110,7,3
112,3,3
114,5,13
116,7,5
118,7,3
120,7,11
122,3,5
124,7,3
126,5,17
128,37,3
130,3,11
132,7,5
134,3,17
136,7,3
138,7,7
140,3,3
142,13,3
144,7,5
146,3,3
148,7,11
150,11,17
152,13,5
154,3,29
156,23,7
158,3,11
160,3,11
162,5,7
164,7,3
166,61,5
168,5,5
170,61,29
172,3,3
174,17,5
176,7,5
178,3,17
180,11,19
182,37,5
184,7,5
186,7,5
188,19,5
190,7,3
192,7,7
194,7,3
196,31,23
198,5,5
200,13,11
202,19,3
204,5,5
206,7,3
208,7,3
210,11,11
212,19,5
214,31,17
216,7,7
218,3,3
220,7,3
222,13,5
224,31,17
226,61,5
228,7,7
230,3,11
232,7,5
234,11,5
236,37,5
238,19,11
240,37,7
242,3,53
244,3,23
246,5,7
248,3,11
250,7,3
252,17,5
254,37,3
256,3,17
258,5,11
260,7,11
262,43,5
264,13,5
266,13,3
268,13,3
270,7,7
272,37,11
274,3,47
276,31,13
278,7,5
280,37,53
282,7,31
284,13,5
286,3,23
288,19,5
290,31,11
292,67,5
294,5,13
296,7,3
298,3,3
300,7,11
302,79,5
304,3,3
306,47,7
308,43,17
310,37,3
312,23,17
314,31,23
316,3,17
318,17,5
320,7,3
322,3,3
324,11,5
326,3,3
328,19,3
330,7,7
332,13,3
334,37,17
336,5,19
338,37,23
340,3,3
342,5,5
344,7,59
346,7,17
348,19,23
350,3,3
352,7,17
354,13,5
356,3,3
358,37,5
360,7,7
362,19,3
364,3,5
366,7,7
368,3,71
370,43,3
372,5,11
374,7,5
376,37,5
378,13,11
380,7,17
382,7,101
384,31,5
386,31,5
388,7,11
390,11,7
392,37,23
394,67,5
396,7,17
398,3,11
400,19,23
402,7,5
404,7,5
406,3,5
408,7,7
410,43,11
412,7,11
414,5,13
416,3,3
418,13,3
420,13,11
422,7,17
424,3,59
426,23,17
428,7,17
430,3,41
432,5,5
434,3,5
436,271,3
438,17,7
440,3,3
442,37,5
444,11,13
446,13,17
448,19,5
450,19,7
452,7,3
454,7,47
456,5,5
458,3,47
460,19,3
462,5,37
464,13,17
466,7,239
468,7,5
470,3,3
472,3,5
474,7,7
476,61,5
478,37,5
480,31,7
482,43,17
484,3,17
486,11,29
488,7,3
490,13,11
492,5,5
494,7,3
496,103,5
498,17,5
500,7,11
502,13,3
504,5,13
506,13,3
508,3,3
510,11,11
512,3,5
514,67,17
516,5,17
518,19,41
520,7,29
522,23,7
524,3,47
526,31,3
528,17,17
530,13,3
532,3,17
534,5,5
536,31,5
538,19,5
540,19,31
542,3,41
544,7,59
546,37,17
548,13,3
550,7,17
552,5,17
554,3,3
556,31,5
558,7,5
560,3,3
562,7,41
564,7,19
566,31,17
568,3,11
570,31,7
572,19,5
574,13,3
576,5,7
578,43,41
580,3,3
582,7,7
584,3,29
586,37,3
588,5,5
590,109,3
592,97,5
594,5,5
596,127,5
598,7,11
600,7,13
602,3,11
604,13,173
606,7,5
608,67,3
610,7,41
612,13,7
614,103,47
616,3,5
618,13,7
620,3,17
622,3,107
624,5,7
626,3,3
628,97,17
630,19,13
632,67,23
634,3,3
636,11,7
638,3,137
640,109,3
642,7,7
644,31,5
646,61,5
648,17,11
650,37,41
652,3,3
654,7,5
656,7,3
658,19,3
660,19,7
662,37,3
664,7,3
666,5,5
668,3,3
670,7,17
672,17,5
674,37,23
676,3,17
678,7,7
680,19,23
682,37,5
684,11,23
686,3,3
688,7,17
690,7,11
692,7,3
694,3,3
696,23,5
698,7,17
700,3,11
702,67,5
704,3,3
706,3,179
708,7,7
710,3,53
712,19,3
714,5,13
716,7,47
718,73,5
720,11,11
722,73,3
724,13,5
726,5,5
728,3,3
730,7,47
732,37,13
734,7,5
736,3,3
738,7,13
740,19,17
742,13,11
744,7,7
746,3,3
748,7,53
750,17,7
752,3,41
754,7,23
756,5,5
758,67,17
760,13,11
762,19,5
764,31,23
766,13,89
768,5,13
770,3,3
772,37,3
774,11,7
776,3,23
778,109,23
780,11,7
782,7,41
784,3,17
786,5,5
788,3,11
790,19,3
792,5,7
794,31,3
796,7,3
798,5,23
800,7,3
802,13,5
804,5,5
806,3,3
808,7,11
810,13,23
812,79,11
814,43,5
816,41,13
818,3,3
820,43,23
822,29,41
824,13,5
826,13,17
828,7,37
830,7,11
832,73,3
834,5,47
836,3,5
838,13,5
840,13,41
842,79,5
844,3,5
846,11,17
848,73,3
850,37,11
852,5,7
854,13,23
856,13,5
858,17,5
860,3,47
862,3,17
864,7,13
866,37,17
868,3,3
870,19,13
872,73,11
874,3,17
876,5,17
878,13,3
880,67,23
882,53,5
884,37,3
886,7,83
888,5,7
890,7,59
892,3,3
894,23,13
896,13,5
898,43,23
900,13,7
902,19,3
904,61,5
906,37,43
908,13,5
910,19,29
912,7,5
914,3,5
916,31,5
918,5,23
920,3,3
922,37,3
924,17,13
926,37,5
928,7,17
930,11,13
932,67,11
934,13,3
936,7,17
938,19,5
940,13,23
942,13,31
944,37,3
946,7,23
948,13,13
950,7,17
952,13,11
954,5,7
956,7,3
958,3,5
960,11,11
962,3,53
964,7,3
966,17,5
968,7,17
970,3,11
972,19,7
974,31,5
976,7,3
978,19,7
980,19,11
982,109,41
984,7,5
986,3,59
988,3,17
990,7,19
992,19,5
994,31,3
996,5,5
998,7,3
1000,3,17
1002,23,41
1004,193,3
1006,7,5
1008,5,11
1010,13,23
1012,7,41
1014,5,5
1016,3,23
1018,3,5
1020,7,13
1022,103,5
1024,7,3
1026,17,13
1028,79,5
1030,37,17
1032,13,5
1034,37,29
1036,97,17
1038,5,23
1040,31,17
1042,3,11
1044,5,17
1046,7,17
1048,7,3
1050,23,17
1052,37,17
1054,3,3
1056,53,5
1058,109,5
1060,31,3
1062,5,7
1064,43,5
1066,7,17
1068,13,5
1070,3,11
1072,7,17
1074,7,13
1076,61,3
1078,109,3
1080,11,7
1082,3,3
1084,43,17
1086,7,7
1088,37,5
1090,67,29
1092,5,11
1094,7,23
1096,13,53
1098,5,41
1100,3,41
1102,3,3
1104,5,29
1106,43,5
1108,19,5
1110,71,11
1112,67,3
1114,3,5
1116,23,5
1118,19,3
1120,67,23
1122,5,7
1124,97,3
1126,7,3
1128,37,5
1130,3,3
1132,7,17
1134,13,13
1136,7,5
1138,7,11
1140,31,17
1142,3,53
1144,37,5
1146,13,5
1148,13,17
1150,7,17
1152,7,5
1154,3,5
1156,3,3
1158,17,5
1160,67,17
1162,3,41
1164,5,7
1166,7,47
1168,19,3
1170,7,31
1172,7,41
1174,43,5
1176,11,17
1178,7,3
1180,7,47
1182,7,5
1184,163,47
1186,13,3
1188,43,13
1190,13,3
1192,19,17
1194,13,7
1196,3,3
1198,67,3
1200,11,11
1202,7,3
1204,3,5
1206,5,17
1208,13,3
1210,3,89
1212,5,5
1214,7,3
1216,7,17
1218,5,5
1220,13,29
1222,7,3
1224,37,23
1226,37,17
1228,13,131
1230,23,23
1232,13,5
1234,13,23
1236,7,7
1238,3,5
1240,7,41
1242,7,13
1244,7,17
1246,37,3
1248,5,5
1250,13,29
1252,37,5
1254,5,5
1256,3,3
1258,13,23
1260,11,13
1262,19,5
1264,3,3
1266,5,5
1268,7,3
1270,3,41
1272,5,7
1274,31,5
1276,7,3
1278,37,7
1280,31,47
1282,67,11
1284,41,43
1286,127,5
1288,13,3
1290,23,17
1292,37,5
1294,37,3
1296,11,7
1298,73,3
1300,19,71
1302,5,13
1304,7,89
1306,31,173
1308,5,7
1310,3,11
1312,3,5
1314,5,5
1316,31,3
1318,37,23
1320,13,7
1322,37,23
1324,3,23
1326,7,7
1328,19,5
1330,3,47
1332,23,7
1334,67,59
1336,7,5
1338,19,11
1340,3,17
1342,109,3
1344,5,5
1346,7,59
1348,73,5
1350,17,7
1352,79,3
1354,3,47
1356,5,17
1358,37,11
1360,43,23
1362,53,5
1364,7,17
1366,3,17
1368,13,7
1370,103,41
1372,19,17
1374,7,19
1376,37,3
1378,3,3
1380,7,89
1382,3,17
1384,13,5
1386,17,5
1388,67,3
1390,7,11
1392,59,5
1394,3,5
1396,31,17
1398,7,13
1400,19,59
1402,37,83
1404,37,7
1406,67,5
1408,3,17
1410,13,11
1412,13,47
1414,103,17
1416,5,17
1418,3,3
1420,3,3
1422,17,7
1424,7,17
1426,67,17
1428,13,5
1430,19,17
1432,97,3
1434,7,13
1436,73,5
1438,7,47
1440,7,37
1442,37,11
1444,7,3
1446,7,43
1448,37,11
1450,19,3
1452,13,5
1454,43,3
1456,3,17
1458,7,7
1460,3,41
1462,7,3
1464,17,17
1466,31,5
1468,43,17
1470,13,17
1472,13,227
1474,3,3
1476,5,5
1478,7,11
1480,3,11
1482,7,17
1484,13,3
1486,7,113
1488,17,7
1490,103,11
1492,67,23
1494,17,13
1496,7,3
1498,127,17
1500,13,13
1502,13,5
1504,37,23
1506,7,5
1508,37,47
1510,7,3
1512,5,5
1514,43,3
1516,37,47
1518,19,5
1520,31,11
1522,3,3
1524,7,5
1526,31,23
1528,19,3
1530,11,7
1532,7,23
1534,3,53
1536,7,29
1538,13,5
1540,31,89
1542,5,7
1544,7,3
1546,7,5
1548,5,47
1550,37,3
1552,19,47
1554,5,5
1556,13,17
1558,7,47
1560,31,31
1562,37,5
1564,3,5
1566,11,13
1568,37,17
1570,19,3
1572,17,5
1574,163,5
1576,61,23
1578,7,5
1580,13,17
1582,37,5
1584,5,19
1586,31,17
1588,3,11
1590,29,23
1592,7,5
1594,13,5
1596,31,5
1598,7,3
1600,31,11
1602,7,37
1604,43,5
1606,13,59
1608,43,5
1610,3,11
1612,109,23
1614,11,19
1616,31,17
1618,37,17
1620,11,13
1622,7,5
1624,3,3
1626,13,5
1628,3,3
1630,19,11
1632,5,31
1634,3,5
1636,43,3
1638,5,31
1640,13,29
1642,3,47
1644,5,13
1646,3,3
1648,79,5
1650,7,23
1652,3,3
1654,7,3
1656,7,13
1658,7,11
1660,19,59
1662,7,11
1664,7,3
1666,3,5
1668,67,7
1670,79,11
1672,37,17
1674,37,19
1676,7,17
1678,7,71
1680,11,13
1682,19,3
1684,13,5
1686,7,5
1688,7,5
1690,7,3
1692,19,5
1694,13,23
1696,37,5
1698,29,7
1700,3,53
1702,43,5
1704,7,13
1706,13,3
1708,43,3
1710,11,13
1712,3,47
1714,31,3
1716,17,19
1718,13,11
1720,13,17
1722,5,31
1724,7,5
1726,31,3
1728,7,5
1730,3,41
1732,3,5
1734,5,19
1736,37,5
1738,7,131
1740,17,61
1742,43,3
1744,67,5
1746,7,5
1748,79,3
1750,31,3
1752,29,5
1754,13,5
1756,157,17
1758,23,13
1760,31,53
1762,79,3
1764,31,17
1766,7,23
1768,7,3
1770,7,13
1772,7,5
1774,7,59
1776,11,23
1778,13,11
1780,61,29
1782,7,7
1784,3,3
1786,3,3
1788,7,5
1790,37,71
1792,37,101
1794,11,5
1796,31,113
1798,43,5
1800,19,11
1802,3,5
1804,7,23
1806,5,5
1808,7,3
1810,3,17
1812,5,5
1814,61,3
1816,3,53
1818,23,5
1820,103,11
1822,19,47
1824,67,5
1826,31,3
1828,19,5
1830,13,7
1832,13,107
1834,31,29
1836,11,13
1838,73,41
1840,37,11
1842,29,5
1844,43,3
1846,37,23
1848,19,5
1850,19,17
1852,73,3
1854,5,17
1856,3,23
1858,73,83
1860,41,13
1862,73,5
1864,7,17
1866,11,19
1868,79,11
1870,37,23
1872,23,7
1874,37,59
1876,3,89
1878,47,17
1880,7,3
1882,67,3
1884,5,19
1886,3,5
1888,7,41
1890,13,23
1892,19,17
1894,13,53
1896,5,19
1898,37,11
1900,3,3
1902,5,5
1904,13,3
1906,43,3
1908,7,13
1910,7,59
1912,3,3
1914,23,13
1916,13,29
1918,19,11
1920,11,13
1922,7,71
1924,3,3
1926,11,19
1928,73,11
1930,7,17
1932,5,37
1934,37,17
1936,3,17
1938,5,7
1940,67,11
1942,13,17
1944,23,5
1946,3,17
1948,7,167
1950,11,7
1952,79,5
1954,7,23
1956,11,5
1958,13,17
1960,3,41
1962,23,7
1964,13,29
1966,31,3
1968,17,13
1970,7,3
1972,67,23
1974,23,19
1976,67,29
1978,3,3
1980,17,17
1982,37,5
1984,37,17
1986,23,7
1988,19,17
1990,37,17
1992,7,11
1994,7,5
1996,31,17
1998,7,7
2000,37,29
2002,19,3
2004,5,13
2006,3,89
2008,7,5
2010,19,7
2012,67,41
2014,13,3
2016,43,13
2018,13,23
2020,3,41
2022,37,13
2024,3,53
2026,31,3
2028,23,7
2030,3,11
2032,7,17
2034,17,7
2036,3,3
2038,3,11
2040,7,7
2042,7,17
2044,3,5
2046,7,13
2048,67,3
2050,67,11
2052,5,11
2054,31,17
2056,13,47
2058,13,13
2060,7,3
2062,3,71
2064,11,19
2066,151,17
2068,3,3
2070,19,7
2072,3,11
2074,43,59
2076,11,19
2078,3,3
2080,3,17
2082,7,5
2084,43,89
2086,13,47
2088,5,5
2090,7,17
2092,3,3
2094,5,13
2096,3,53
2098,37,3
2100,19,19
2102,13,47
2104,31,3
2106,5,53
2108,43,11
2110,31,83
2112,5,7
2114,31,17
2116,7,3
2118,7,17
2120,67,17
2122,3,5
2124,7,7
2126,37,5
2128,37,17
2130,13,7
2132,37,47
2134,7,5
2136,5,149
2138,13,11
2140,37,41
2142,29,5
2144,97,5
2146,7,5
2148,7,11
2150,61,11
2152,7,11
2154,41,7
2156,13,3
2158,19,17
2160,53,47
2162,7,5
2164,7,47
2166,11,17
2168,7,5
2170,19,11
2172,5,7
2174,3,239
2176,3,47
2178,7,7
2180,31,41
2182,13,3
2184,11,67
2186,7,3
2188,3,5
2190,11,11
2192,3,23
2194,3,29
2196,5,23
2198,79,11
2200,103,3
2202,43,17
2204,43,47
2206,7,53
2208,7,5
2210,37,3
2212,97,3
2214,5,23
2216,7,5
2218,3,17
2220,61,11
2222,3,3
2224,13,47
2226,5,17
2228,103,17
2230,109,3
2232,37,13
2234,3,3
2236,7,3
2238,13,37
2240,3,11
2242,97,41
2244,7,7
2246,31,3
2248,3,3
2250,29,11
2252,7,3
2254,13,53
2256,5,17
2258,3,5
2260,7,89
2262,23,17
2264,3,3
2266,37,5
2268,13,17
2270,37,23
2272,13,17
2274,11,5
2276,37,5
2278,7,83
2280,23,13
2282,43,5
2284,7,83
2286,43,5
2288,43,17
2290,3,23
2292,13,47
2294,7,107
2296,3,3
2298,5,5
2300,7,41
2302,109,11
2304,31,37
2306,3,17
2308,37,17
2310,17,43
2312,19,47
2314,37,29
2316,5,7
2318,3,5
2320,7,17
2322,5,5
2324,3,3
2326,7,17
2328,13,11
2330,61,17
2332,3,5
2334,23,13
2336,7,17
2338,13,11
2340,37,29
2342,97,11
2344,3,47
2346,5,59
2348,3,11
2350,19,29
2352,23,11
2354,37,5
2356,3,3
2358,5,7
2360,67,11
2362,109,11
2364,5,5
2366,3,3
2368,19,23
2370,7,7
2372,7,11
2374,103,3
2376,7,29
2378,37,3
2380,19,3
2382,5,13
2384,7,3
2386,37,47
2388,19,5
2390,67,41
2392,79,5
2394,23,29
2396,13,17
2398,37,5
2400,11,19
2402,73,17
2404,37,17
2406,5,7
2408,3,5
2410,7,3
2412,7,11
2414,3,23
2416,7,3
2418,23,7
2420,7,23
2422,13,11
2424,5,13
2426,7,227
2428,19,3
2430,7,37
2432,3,71
2434,61,5
2436,11,5
2438,7,3
2440,3,11
2442,17,13
2444,3,3
2446,31,47
2448,13,7
2450,19,11
2452,13,41
2454,7,29
2456,43,5
2458,79,5
2460,7,13
2462,19,3
2464,73,29
2466,43,13
2468,3,83
2470,3,11
2472,5,7
2474,13,113
2476,103,29
2478,37,11
2480,37,23
2482,7,3
2484,61,5
2486,3,3
2488,3,3
2490,7,19
2492,3,5
2494,7,47
2496,31,59
2498,3,3
2500,157,11
2502,13,31
2504,7,3
2506,3,3
2508,13,17
2510,3,3
2512,7,11
2514,23,7
2516,7,3
2518,19,131
2520,11,47
2522,19,23
2524,7,5
2526,5,7
2528,67,131
2530,193,59
2532,79,5
2534,3,17
2536,13,23
2538,23,5
2540,193,41
2542,19,3
2544,17,17
2546,7,59
2548,19,17
2550,19,13
2552,7,5
2554,37,5
2556,7,13
2558,3,5
2560,193,23
2562,13,11
2564,13,3
2566,3,3
2568,53,5
2570,3,17
2572,37,3
2574,5,17
2576,37,53
2578,79,83
2580,37,7
2582,37,5
2584,31,107
2586,31,5
2588,7,3
2590,13,11
2592,5,17
2594,37,3
2596,73,17
2598,17,11
2600,3,11
2602,43,41
2604,11,47
2606,61,5
2608,67,11
2610,61,23
2612,37,11
2614,43,3
2616,5,5
2618,13,3
2620,37,17
2622,29,7
2624,31,5
2626,31,3
2628,17,41
2630,19,17
2632,37,3
2634,5,5
2636,73,17
2638,79,11
2640,7,13
2642,3,5
2644,13,59
2646,11,5
2648,43,17
2650,7,59
2652,7,11
2654,31,3
2656,73,17
2658,7,7
2660,3,3
2662,7,3
2664,11,5
2666,3,23
2668,7,5
2670,7,67
2672,19,3
2674,3,17
2676,7,5
2678,7,17
2680,73,23
2682,47,7
2684,31,5
2686,37,23
2688,5,17
2690,61,89
2692,3,41
2694,23,7
2696,7,5
2698,7,5
2700,37,7
2702,97,3
2704,43,23
2706,53,29
2708,67,11
2710,151,59
2712,29,5
2714,7,5
2716,3,5
2718,19,71
2720,3,3
2722,7,11
2724,5,7
2726,13,89
2728,13,3
2730,17,23
2732,19,23
2734,3,83
2736,11,5
2738,7,5
2740,13,3
2742,7,47
2744,37,17
2746,13,17
2748,13,5
2750,19,3
2752,3,23
2754,23,19
2756,97,17
2758,97,3
2760,7,7
2762,13,17
2764,3,59
2766,5,17
2768,3,3
2770,13,17
2772,5,17
2774,37,83
2776,151,89
2778,29,37
2780,3,3
2782,7,3
2784,5,59
2786,3,23
2788,7,83
2790,59,61
2792,67,3
2794,3,3
2796,23,7
2798,37,23
2800,13,41
2802,23,7
2804,7,53
2806,103,3
2808,5,7
2810,79,11
2812,7,47
2814,17,53
2816,7,23
2818,37,3
2820,7,11
2822,73,107
2824,37,47
2826,41,7
2828,37,3
2830,7,23
2832,13,41
2834,7,83
2836,163,53
2838,17,5
2840,13,17
2842,13,3
2844,13,5
2846,7,3
2848,19,3
2850,37,79
2852,43,3
2854,7,17
2856,13,13
2858,43,3
2860,7,3
2862,5,47
2864,37,17
2866,13,5
2868,5,17
2870,19,17
2872,7,3
2874,11,5
2876,31,5
2878,3,11
2880,11,19
2882,7,23
2884,31,3
2886,41,7
2888,67,11
2890,3,11
2892,5,11
2894,37,47
2896,7,47
2898,5,11
2900,13,59
2902,37,17
2904,17,5
2906,193,5
2908,3,47
2910,23,23
2912,3,3
2914,13,5
2916,7,17
2918,19,17
2920,3,11
2922,23,7
2924,13,3
2926,3,5
2928,5,17
2930,37,17
2932,7,5
2934,17,23
2936,13,47
2938,7,41
2940,19,11
2942,7,101
2944,31,197
2946,11,13
2948,37,41
2950,3,3
2952,7,13
2954,127,23
2956,7,3
2958,7,11
2960,19,53
2962,37,5
2964,7,29
2966,13,3
2968,13,11
2970,7,13
2972,97,5
2974,103,17
2976,17,7
2978,37,5
2980,13,29
2982,13,47
2984,7,3
2986,3,5
2988,5,13
2990,19,3
2992,3,41
2994,43,5
2996,13,29
2998,13,23
3000,11,7
3002,3,3
3004,61,3
3006,11,29
3008,13,101
3010,13,11
3012,47,17
3014,37,53
3016,103,3
3018,7,31
3020,3,71
3022,7,131
3024,5,13
3026,7,3
3028,127,17
3030,17,17
3032,3,47
3034,31,3
3036,7,19
3038,13,5
3040,43,29
3042,43,41
3044,7,47
3046,3,47
3048,59,47
3050,43,17
3052,3,5
3054,5,13
3056,3,17
3058,19,17
3060,31,7
3062,43,11
3064,7,5
3066,5,5
3068,7,41
3070,7,41
3072,5,5
3074,7,5
3076,3,3
3078,23,13
3080,13,47
3082,37,5
3084,11,7
3086,3,23
3088,19,47
3090,11,19
3092,19,3
3094,3,83
3096,23,19
3098,73,11
3100,61,41
3102,17,17
3104,3,89
3106,163,23
3108,47,11
3110,7,23
3112,13,17
3114,7,13
3116,37,89
3118,3,5
3120,11,7
3122,13,23
3124,37,5
3126,17,19
3128,43,41
3130,37,11
3132,23,5
3134,211,17
3136,31,5
3138,7,13
3140,37,41
3142,7,41
3144,5,13
3146,3,3
3148,13,3
3150,29,11
3152,7,5
3154,3,89
3156,5,59
3158,37,191
3160,7,41
3162,5,5
3164,73,47
3166,37,3
3168,7,41
3170,43,3
3172,3,17
3174,31,5
3176,43,23
3178,19,3
3180,7,29
3182,7,47
3184,3,137
3186,7,23
3188,163,3
3190,19,41
3192,13,13
3194,7,47
3196,7,5
3198,5,11
3200,67,11
3202,13,41
3204,47,7
3206,67,5
3208,13,41
3210,11,17
3212,43,47
3214,37,3
3216,31,13
3218,13,83
3220,3,11
3222,7,5
3224,67,5
3226,31,47
3228,7,5
3230,7,11
3232,103,3
3234,47,5
3236,13,23
3238,7,113
3240,7,7
3242,37,5
3244,31,3
3246,5,13
3248,3,3
3250,7,41
3252,37,31
3254,3,5
3256,7,5
3258,23,17
3260,19,3
3262,3,5
3264,23,5
3266,7,53
3268,7,3
3270,11,17
3272,37,17
3274,13,3
3276,17,5
3278,7,41
3280,13,17
3282,23,7
3284,43,5
3286,67,83
3288,7,7
3290,19,3
3292,19,3
3294,11,5
3296,7,17
3298,19,41
3300,23,13
3302,37,5
3304,3,3
3306,5,7
3308,67,11
3310,31,11
3312,29,41
3314,7,5
3316,163,23
3318,13,37
3320,37,3
3322,13,5
3324,47,7
3326,3,59
3328,37,11
3330,7,19
3332,3,5
3334,37,17
3336,7,5
3338,3,137
3340,7,3
3342,37,11
3344,7,5
3346,43,3
3348,19,7
3350,73,11
3352,3,5
3354,5,19
3356,3,5
3358,19,17
3360,17,13
3362,13,23
3364,31,5
3366,23,5
3368,79,23
3370,3,53
3372,5,7
3374,283,29
3376,7,5
3378,67,7
3380,67,11
3382,7,23
3384,11,7
3386,151,3
3388,19,41
3390,13,13
3392,3,41
3394,3,5
3396,7,5
3398,7,3
3400,19,3
3402,17,37
3404,13,59
3406,3,17
3408,5,7
3410,61,17
3412,13,11
3414,13,23
3416,13,59
3418,97,3
3420,13,17
3422,19,3
3424,67,23
3426,7,5
3428,37,41
3430,67,11
3432,5,5
3434,37,5
3436,43,17
3438,43,5
3440,31,11
3442,103,17
3444,5,5
3446,61,5
3448,37,11
3450,7,13
3452,79,53
3454,13,5
3456,5,7
3458,37,3
3460,7,59
3462,7,17
3464,7,3
3466,67,47
3468,29,7
3470,7,23
3472,19,11
3474,11,13
3476,73,3
3478,43,3
3480,7,7
3482,3,11
3484,7,5
3486,13,19
3488,19,5
3490,73,89
3492,29,5
3494,31,3
3496,31,3
3498,43,7
3500,19,11
3502,7,23
3504,7,5
3506,31,17
3508,73,3
3510,17,7
3512,7,23
3514,13,23
3516,5,7
3518,13,3
3520,3,53
3522,47,17
3524,3,29
3526,7,107
3528,5,11
3530,19,107
3532,3,47
3534,7,5
3536,31,53
3538,37,41
3540,37,7
3542,19,5
3544,13,3
3546,31,7
3548,3,17
3550,3,89
3552,29,7
3554,61,3
3556,37,29
3558,29,13
3560,7,197
3562,3,3
3564,7,13
3566,3,5
3568,7,3
3570,29,29
3572,67,5
3574,37,5
3576,5,13
3578,7,11
3580,37,11
3582,5,17
3584,13,23
3586,37,107
3588,37,11
3590,31,53
3592,79,41
3594,7,5
3596,7,3
3598,3,17
3600,19,7
3602,7,17
3604,3,23
3606,11,5
3608,7,5
3610,43,17
3612,37,31
3614,7,17
3616,31,3
3618,17,13
3620,37,11
3622,3,3
3624,7,5
3626,73,17
3628,67,3
3630,29,19
3632,103,3
3634,31,3
3636,31,59
3638,19,3
3640,67,17
3642,7,5
3644,67,17
3646,37,5
3648,23,11
3650,3,11
3652,13,101
3654,17,19
3656,103,17
3658,3,53
3660,7,17
3662,3,11
3664,3,29
3666,97,29
3668,13,11
3670,7,17
3672,23,47
3674,3,5
3676,3,23
3678,7,41
3680,13,41
3682,37,5
3684,11,5
3686,37,3
3688,19,5
3690,7,19
3692,3,3
3694,127,3
3696,37,13
3698,13,3
3700,31,3
3702,53,5
3704,43,3
3706,7,29
3708,19,5
3710,19,11
3712,7,17
3714,7,7
3716,43,5
3718,7,47
3720,13,83
3722,79,41
3724,13,5
3726,43,19
3728,13,41
3730,61,41
3732,17,5
3734,3,29
3736,7,17
3738,37,47
3740,13,41
3742,67,11
3744,5,7
3746,3,89
3748,109,5
3750,7,7
3752,3,11
3754,97,5
3756,11,7
3758,37,3
3760,31,41
3762,7,13
3764,13,3
3766,43,17
3768,13,107
3770,3,47
3772,7,11
3774,5,7
3776,67,17
3778,13,5
3780,41,17
3782,79,41
3784,3,113
3786,37,5
3788,7,53
3790,31,11
3792,19,13
3794,13,3
3796,37,5
3798,7,47
3800,31,53
3802,7,11
3804,13,7
3806,37,23
3808,3,3
3810,7,13
3812,7,17
3814,43,3
3816,7,5
3818,3,17
3820,7,47
3822,5,11
3824,97,23
3826,3,17
3828,5,37
3830,61,11
3832,7,11
3834,5,17
3836,37,3
3838,7,47
3840,17,41
3842,37,11
3844,3,5
3846,13,13
3848,19,41
3850,3,3
3852,5,5
3854,7,29
3856,3,5
3858,7,5
3860,3,3
3862,67,5
3864,11,5
3866,13,107
3868,43,3
3870,17,31
3872,43,5
3874,31,17
3876,13,23
3878,37,17
3880,19,59
3882,7,13
3884,7,3
3886,31,3
3888,7,7
3890,7,23
3892,3,113
3894,5,13
3896,43,5
3898,19,11
3900,37,11
3902,3,71
3904,7,17
3906,13,13
3908,7,3
3910,31,29
3912,5,7
3914,3,5
3916,3,3
3918,23,17
3920,79,3
3922,7,71
3924,7,13
3926,31,269
3928,3,3
3930,31,13
3932,7,41
3934,97,3
3936,5,19
3938,73,5
3940,19,23
3942,53,17
3944,3,53
3946,37,5
3948,19,5
3950,13,29
3952,3,3
3954,23,19
3956,67,47
3958,13,3
3960,23,19
3962,13,17
3964,7,17
3966,11,5
3968,3,11
3970,7,11
3972,59,5
3974,61,83
3976,31,53
3978,7,23
3980,163,3
3982,43,5
3984,11,7
3986,7,59
3988,109,131
3990,23,11
3992,67,41
3994,7,47
3996,5,5
3998,37,11
4000,79,11
4002,5,5
4004,3,17
4006,43,3
4008,7,11
4010,61,53
4012,43,11
4014,7,5
4016,61,29
4018,3,11
4020,47,23
4022,3,3
4024,31,3
4026,7,5
4028,13,5
4030,7,17
4032,5,11
4034,7,5
4036,13,113
4038,5,7
4040,19,59
4042,3,71
4044,23,7
4046,193,3
4048,19,5
4050,13,11
4052,3,47
4054,43,137
4056,17,7
4058,103,3
4060,31,47
4062,5,5
4064,3,53
4066,7,3
4068,67,5
4070,7,17
4072,13,3
4074,5,17
4076,43,29
4078,3,17
4080,31,19
4082,19,5
4084,157,47
4086,47,7
4088,43,3
4090,37,17
4092,13,5
4094,3,3
4096,43,3
4098,109,11
4100,7,3
4102,13,3
4104,5,7
4106,3,3
4108,67,17
4110,19,7
4112,43,47
4114,97,3
4116,17,13
4118,67,3
4120,3,29
4122,5,11
4124,67,5
4126,3,3
4128,5,47
4130,79,17
4132,13,101
4134,23,5
4136,103,89
4138,67,53
4140,7,7
4142,37,5
4144,31,59
4146,5,7
4148,13,83
4150,3,3
4152,5,7
4154,7,59
4156,37,5
4158,5,13
4160,67,3
4162,13,3
4164,5,13
4166,43,5
4168,3,3
4170,7,31
4172,37,3
4174,7,173
4176,11,7
4178,43,11
4180,7,41
4182,13,11
4184,43,3
4186,3,89
4188,37,23
4190,3,11
4192,193,3
4194,7,7
4196,7,5
4198,19,3
4200,13,19
4202,13,17
4204,163,3
4206,23,47
4208,3,23
4210,73,3
4212,19,37
4214,37,3
4216,61,59
4218,23,5
4220,3,83
4222,19,41
4224,13,5
4226,37,5
4228,67,23
4230,7,7
4232,73,47
4234,7,5
4236,17,13
4238,3,3
4240,79,29
4242,43,17
4244,67,3
4246,3,17
4248,37,13
4250,3,3
4252,67,11
4254,41,13
4256,127,17
4258,19,5
4260,11,11
4262,3,5
4264,43,17
4266,23,13
4268,19,23
4270,31,17
4272,13,37
4274,3,29
4276,43,5
4278,47,5
4280,37,11
4282,19,5
4284,5,19
4286,7,23
4288,3,47
4290,37,17
4292,79,167
4294,151,53
4296,7,7
4298,19,17
4300,13,29
4302,23,17
4304,7,47
4306,3,5
4308,7,11
4310,13,3
4312,19,5
4314,11,19
4316,7,3
4318,3,107
4320,11,17
4322,127,41
4324,7,29
4326,5,19
4328,13,5
4330,7,29
4332,79,13
4334,7,3
4336,31,17
4338,7,31
4340,3,29
4342,7,17
4344,7,5
4346,61,17
4348,7,3
4350,11,11
4352,79,3
4354,97,5
4356,5,5
4358,97,3
4360,7,11
4362,37,5
4364,37,5
4366,67,3
4368,5,11
4370,37,47
4372,7,17
4374,23,17
4376,61,5
4378,37,3
4380,11,13
4382,13,3
4384,7,5
4386,31,13
4388,7,11
4390,3,17
4392,17,11
4394,97,23
4396,31,3
4398,13,7
4400,37,41
4402,19,23
4404,7,19
4406,7,29
4408,7,23
4410,13,11
4412,103,5
4414,7,5
4416,5,13
4418,3,23
4420,3,47
4422,23,5
4424,31,5
4426,43,29
4428,13,5
4430,31,11
4432,3,5
4434,17,17
4436,7,17
4438,3,11
4440,19,13
4442,109,5
4444,7,3
4446,53,5
4448,3,11
4450,7,17
4452,23,5
4454,7,3
4456,7,29
4458,37,7
4460,31,23
4462,3,11
4464,5,7
4466,31,3
4468,13,5
4470,7,11
4472,193,5
4474,3,89
4476,13,19
4478,37,5
4480,37,3
4482,7,31
4484,31,3
4486,37,3
4488,19,13
4490,151,47
4492,13,47
4494,13,79
4496,7,3
4498,7,3
4500,7,31
4502,7,17
4504,163,53
4506,13,7
4508,19,3
4510,67,3
4512,17,7
4514,3,53
4516,7,23
4518,53,5
4520,67,47
4522,97,41
4524,7,79
4526,7,5
4528,19,251
4530,37,11
4532,7,41
4534,61,3
4536,5,37
4538,13,17
4540,97,3
4542,19,13
4544,7,3
4546,31,5
4548,5,23
4550,19,3
4552,13,23
4554,17,13
4556,31,89
4558,19,47
4560,7,11
4562,67,17
4564,37,29
4566,11,13
4568,37,3
4570,7,41
4572,5,23
4574,3,47
4576,7,5
4578,5,5
4580,7,23
4582,97,11
4584,5,7
4586,37,3
4588,67,17
4590,67,13
4592,3,11
4594,7,17
4596,71,5
4598,3,23
4600,3,47
4602,7,7
4604,37,5
4606,73,5
4608,89,13
4610,7,41
4612,3,5
4614,5,5
4616,13,59
4618,19,5
4620,17,31
4622,19,3
4624,3,59
4626,31,37
4628,19,5
4630,31,29
4632,5,31
4634,31,3
4636,37,17
4638,107,13
4640,37,47
4642,3,5
4644,41,17
4646,97,83
4648,13,5
4650,43,41
4652,3,5
4654,3,5
4656,7,7
4658,3,11
4660,43,59
4662,17,31
4664,37,3
4666,127,17
4668,23,11
4670,67,11
4672,7,5
4674,5,5
4676,13,17
4678,109,5
4680,7,53
4682,43,3
4684,3,17
4686,13,5
4688,19,5
4690,3,11
4692,7,5
4694,31,3
4696,37,179
4698,5,11
4700,127,17
4702,7,41
4704,11,37
4706,43,3
4708,7,53
4710,17,7
4712,43,17
4714,3,29
4716,37,7
4718,3,11
4720,7,17
4722,7,13
4724,37,23
4726,73,47
4728,17,41
4730,7,3
4732,19,3
4734,13,7
4736,43,59
4738,19,47
4740,7,7
4742,3,3
4744,43,23
4746,31,5
4748,13,3
4750,31,17
4752,5,5
4754,67,173
4756,3,3
4758,5,41
4760,43,59
4762,67,5
4764,31,13
4766,7,5
4768,3,17
4770,29,13
4772,13,5
4774,103,3
4776,13,5
4778,13,53
4780,67,11
4782,7,11
4784,7,17
4786,7,5
4788,5,17
4790,163,41
4792,37,167
4794,23,7
4796,3,3
4798,79,11
4800,23,7
4802,3,53
4804,163,3
4806,31,5
4808,3,3
4810,61,3
4812,23,7
4814,13,23
4816,31,3
4818,7,37
4820,3,41
4822,43,3
4824,31,89
4826,157,3
4828,13,3
4830,71,19
4832,163,83
4834,3,5
4836,5,17
4838,37,23
4840,67,41
4842,13,13
4844,31,3
4846,13,167
4848,43,17
4850,3,3
4852,79,107
4854,7,17
4856,13,89
4858,3,11
4860,11,19
4862,3,5
4864,31,3
4866,11,19
4868,73,131
4870,7,41
4872,59,11
4874,37,17
4876,7,17
4878,5,11
4880,19,23
4882,13,47
4884,7,13
4886,3,5
4888,67,23
4890,7,13
4892,19,41
4894,73,3
4896,11,139
4898,7,3
4900,31,17
4902,5,17
4904,3,17
4906,7,53
4908,5,5
4910,3,17
4912,43,71
4914,17,17
4916,37,47
4918,73,11
4920,11,11
4922,3,53
4924,3,3
4926,11,7
4928,3,3
4930,19,3
4932,23,11
4934,61,5
4936,7,23
4938,17,5
4940,79,17
4942,73,11
4944,61,5
4946,7,29
4948,3,23
4950,29,19
4952,3,17
4954,67,17
4956,23,17
4958,19,3
4960,13,11
4962,19,5
4964,37,3
4966,7,29
4968,7,31
4970,61,47
4972,13,3
4974,11,7
4976,3,17
4978,73,101
4980,11,11
4982,97,3
4984,73,5
4986,5,5
4988,3,41
4990,7,41
4992,17,7
4994,13,29
4996,103,5
4998,5,31
5000,109,17
5002,37,3
5004,31,17
5006,3,3
5008,3,5
5010,23,13
5012,73,3
5014,43,47
5016,7,29
5018,157,3
5020,7,11
5022,7,5
5024,7,3
5026,13,59
5028,5,17
5030,37,11
5032,127,11
5034,5,13
5036,67,3
5038,7,3
5040,11,11
5042,7,3
5044,31,17
5046,5,5
5048,73,5
5050,7,29
5052,37,5
5054,31,17
5056,13,59
5058,13,7
5060,3,3
5062,67,11
5064,23,7
5066,7,89
5068,3,3
5070,19,29
5072,3,41
5074,3,5
5076,5,13
5078,7,3
5080,13,3
5082,29,13
5084,61,5
5086,13,29
5088,7,5
5090,37,11
5092,79,113
5094,11,5
5096,37,5
5098,43,23
5100,7,11
5102,19,3
5104,61,3
5106,71,13
5108,7,3
5110,3,29
5112,5,17
5114,3,3
5116,7,263
5118,19,5
5120,13,41
5122,79,17
5124,5,5
5126,103,5
5128,37,17
5130,7,11
5132,3,11
5134,37,3
5136,5,13
5138,3,47
5140,7,59
5142,7,5
5144,3,17
5146,103,3
5148,17,5
5150,13,3
5152,13,41
5154,5,7
5156,37,3
5158,37,11
5160,11,19
5162,37,71
5164,61,227
5166,23,67
5168,79,41
5170,37,17
5172,17,5
5174,3,59
5176,3,29
5178,7,13
5180,61,3
5182,19,71
5184,7,43
5186,3,5
5188,19,17
5190,13,13
5192,7,5
5194,13,17
5196,5,13
5198,79,11
5200,31,83
5202,47,7
5204,3,5
5206,37,3
5208,17,5
5210,7,59
5212,37,3
5214,17,13
5216,61,17
5218,13,3
5220,7,13
5222,43,71
5224,7,83
5226,23,5
5228,7,41
5230,37,11
5232,7,47
5234,127,3
5236,13,3
5238,19,31
5240,13,113
5242,3,5
5244,73,5
5246,31,113
5248,37,5
5250,11,11
5252,37,23
5254,13,29
5256,5,5
5258,7,5
5260,3,11
5262,13,17
5264,13,173
5266,7,5
5268,29,5
5270,61,47
5272,37,11
5274,17,5
5276,37,23
5278,19,11
5280,23,41
5282,3,5
5284,37,47
5286,5,5
5288,7,5
5290,67,3
5292,5,17
5294,37,59
5296,97,29
5298,37,13
5300,3,17
5302,67,3
5304,71,23
5306,3,47
5308,79,23
5310,17,13
5312,19,17
5314,3,5
5316,17,7
5318,373,83
5320,3,11
5322,5,13
5324,13,47
5326,3,89
5328,43,11
5330,7,17
5332,67,5
5334,11,17
5336,271,3
5338,73,11
5340,11,17
5342,7,41
5344,37,3
5346,7,7
5348,3,11
5350,19,29
5352,13,7
5354,73,3
5356,31,3
5358,17,53
5360,19,17
5362,43,11
5364,7,7
5366,37,5
5368,19,17
5370,11,7
5372,3,41
5374,7,29
5376,11,83
5378,79,5
5380,37,29
5382,103,5
5384,3,83
5386,13,17
5388,37,17
5390,43,113
5392,13,3
5394,23,13
5396,3,5
5398,3,41
5400,29,13
5402,13,3
5404,37,17
5406,13,7
5408,3,113
5410,19,11
5412,5,17
5414,97,17
5416,103,23
5418,59,11
5420,19,3
5422,13,41
5424,23,7
5426,3,3
5428,139,5
5430,11,19
5432,37,3
5434,7,3
5436,13,7
5438,19,101
5440,43,41
5442,23,5
5444,37,149
5446,3,5
5448,19,23
5450,3,11
5452,3,3
5454,11,5
5456,37,53
5458,19,5
5460,19,19
5462,13,41
5464,3,47
5466,37,19
5468,7,41
5470,73,17
5472,5,7
5474,13,3
5476,97,5
5478,13,5
5480,19,3
5482,3,17
5484,7,19
5486,7,3
5488,3,53
5490,29,31
5492,73,3
5494,61,5
5496,23,7
5498,37,5
5500,43,29
5502,13,13
5504,7,83
5506,31,53
5508,7,37
5510,3,41
5512,7,3
5514,5,7
5516,61,23
5518,13,3
5520,59,7
5522,7,17
5524,31,89
5526,11,43
5528,67,101
5530,67,41
5532,7,7
5534,31,5
5536,31,5
5538,17,23
5540,3,47
5542,19,5
5544,53,5
5546,13,5
5548,7,17
5550,11,7
5552,7,3
5554,3,3
5556,37,13
5558,37,17
5560,7,17
5562,29,31
5564,31,5
5566,7,5
5568,43,7
5570,37,29
5572,109,17
5574,41,29
5576,7,3
5578,73,5
5580,7,7
5582,73,83
5584,103,29
5586,5,23
5588,7,71
5590,151,3
5592,7,11
5594,37,23
5596,31,17
5598,7,5
5600,37,107
5602,19,5
5604,17,7
5606,3,47
5608,37,17
5610,7,31
5612,37,41
5614,31,3
5616,11,17
5618,3,5
5620,7,11
5622,19,5
5624,7,5
5626,7,59
5628,19,11
5630,37,29
5632,13,137
5634,5,7
5636,7,359
5638,67,17
5640,11,23
5642,3,11
5644,97,47
5646,7,7
5648,7,11
5650,19,131
5652,53,31
5654,37,5
5656,13,23
5658,7,17
5660,7,11
5662,109,5
5664,73,7
5666,127,3
5668,7,3
5670,11,11
5672,13,17
5674,163,5
5676,5,13
5678,3,3
5680,3,11
5682,13,31
5684,73,17
5686,37,3
5688,17,5
5690,31,17
5692,7,11
5694,7,19
5696,103,3
5698,3,41
5700,13,7
5702,3,17
5704,7,5
5706,7,13
5708,13,11
5710,19,3
5712,23,43
5714,43,5
5716,7,17
5718,5,11
5720,7,23
5722,13,5
5724,5,23
5726,61,59
5728,19,71
5730,7,11
5732,7,3
5734,7,17
5736,7,5
5738,67,23
5740,13,47
5742,53,5
5744,127,3
5746,157,23
5748,23,11
5750,31,89
5752,97,5
5754,5,5
5756,61,3
5758,79,101
5760,11,17
5762,19,3
5764,97,5
5766,53,13
5768,37,41
5770,79,89
5772,7,11
5774,3,59
5776,3,17
5778,7,11
5780,61,59
5782,3,3
5784,37,17
5786,283,3
5788,19,5
5790,7,11
5792,13,11
5794,7,17
5796,11,13
5798,103,3
5800,3,3
5802,5,17
5804,7,17
5806,3,3
5808,19,5
5810,13,11
5812,7,47
5814,13,5
5816,31,17
5818,73,3
5820,11,31
5822,7,113
5824,43,137
5826,5,13
5828,37,11
5830,19,41
5832,5,5
5834,13,59
5836,13,23
5838,5,17
5840,7,17
5842,13,11
5844,5,5
5846,67,59
5848,37,131
5850,41,7
5852,73,23
5854,97,5
5856,23,7
5858,3,5
5860,3,3
5862,7,47
5864,13,17
5866,97,17
5868,5,5
5870,13,17
5872,67,23
5874,7,5
5876,67,17
5878,7,3
5880,83,19
5882,37,3
5884,67,29
5886,5,5
5888,37,17
5890,7,29
5892,5,13
5894,31,23
5896,13,3
5898,59,17
5900,3,89
5902,109,5
5904,17,5
5906,7,5
5908,97,11
5910,7,13
5912,3,5
5914,31,23
5916,23,5
5918,3,17
5920,127,3
5922,5,13
5924,67,5
5926,7,5
5928,29,7
5930,31,53
5932,7,41
5934,5,7
5936,13,113
5938,19,3
5940,13,17
5942,19,5
5944,7,3
5946,43,7
5948,7,5
5950,19,53
5952,7,83
5954,7,3
5956,67,23
5958,43,23
5960,31,3
5962,19,17
5964,5,5
5966,43,29
5968,3,5
5970,19,7
5972,19,5
5974,73,17
5976,5,7
5978,67,5
5980,43,3
5982,17,11
5984,163,53
5986,31,5
5988,163,17
5990,7,29
5992,67,17
5994,61,29
5996,3,5
5998,3,5
6000,7,7
6002,13,11
6004,13,23
6006,5,17
6008,13,47
6010,7,11
6012,7,5
6014,3,3
6016,7,29
6018,23,37
6020,3,3
6022,13,5
6024,7,13
6026,31,17
6028,73,17
6030,11,7
6032,37,17
6034,13,5
6036,7,7
6038,7,41
6040,31,3
6042,7,17
6044,3,227
6046,397,47
6048,67,5
6050,67,17
6052,43,41
6054,11,7
6056,67,23
6058,109,3
6060,7,7
6062,67,5
6064,7,83
6066,23,5
6068,3,3
6070,163,17
6072,17,13
6074,103,29
6076,13,3
6078,5,5
6080,3,11
6082,3,3
6084,5,19
6086,7,5
6088,37,5
6090,11,13
6092,43,5
6094,3,17
6096,31,13
6098,19,83
6100,97,11
6102,5,13
6104,37,29
6106,7,5
6108,17,7
6110,7,89
6112,3,23
6114,11,5
6116,37,59
6118,37,3
6120,29,7
6122,97,83
6124,3,5
6126,23,73
6128,3,3
6130,37,3
6132,37,13
6134,37,23
6136,31,29
6138,23,7
6140,3,23
6142,73,11
6144,7,19
6146,31,3
6148,7,5
6150,17,7
6152,7,5
6154,3,5
6156,7,13
6158,163,41
6160,13,23
6162,5,5
6164,7,47
6166,3,23
6168,5,61
6170,7,3
6172,103,3
6174,17,13
6176,97,5
6178,13,11
6180,17,7
6182,7,3
6184,13,47
6186,11,29
6188,103,23
6190,43,23
6192,13,11
6194,7,137
6196,31,83
6198,29,5
6200,13,3
6202,19,3
6204,7,7
6206,3,17
6208,37,11
6210,7,17
6212,127,5
6214,97,5
6216,11,5
6218,139,71
6220,31,83
6222,19,11
6224,37,17
6226,157,5
6228,5,5
6230,3,53
6232,7,191
6234,11,13
6236,73,137
6238,7,41
6240,17,17
6242,7,41
6244,13,17
6246,103,13
6248,7,3
6250,3,11
6252,23,17
6254,3,5
6256,37,29
6258,5,5
6260,67,17
6262,97,17
6264,11,5
6266,37,59
6268,79,47
6270,43,17
6272,97,5
6274,43,3
6276,11,5
6278,3,3
6280,3,3
6282,7,41
6284,61,17
6286,31,29
6288,5,23
6290,13,11
6292,3,23
6294,11,5
6296,3,17
6298,13,41
6300,37,17
6302,13,167
6304,7,3
6306,23,5
6308,37,11
6310,13,11
6312,89,5
6314,13,23
6316,43,3
6318,7,47
6320,109,53
6322,3,17
6324,11,13
6326,7,17
6328,19,3
6330,13,7
6332,3,11
6334,61,3
6336,5,13
6338,43,3
6340,7,23
6342,23,31
6344,37,3
6346,3,3
6348,5,7
6350,103,3
6352,37,5
6354,5,17
6356,127,3
6358,13,23
6360,31,13
6362,7,53
6364,67,17
6366,11,7
6368,7,113
6370,19,3
6372,5,5
6374,13,17
6376,7,17
6378,5,5
6380,7,17
6382,13,17
6384,5,23
6386,7,29
6388,43,83
6390,37,7
6392,3,41
6394,151,29
6396,37,17
6398,3,23
6400,13,71
6402,7,5
6404,3,17
6406,73,23
6408,17,7
6410,109,17
6412,103,17
6414,7,17
6416,43,5
6418,43,5
6420,7,37
6422,97,3
6424,37,29
6426,97,5
6428,19,47
6430,43,29
6432,89,11
6434,7,3
6436,3,3
6438,47,17
6440,43,11
6442,43,17
6444,11,13
6446,31,3
6448,19,5
6450,7,13
6452,13,17
6454,31,3
6456,11,13
6458,3,41
6460,3,11
6462,7,5
6464,7,29
6466,13,23
6468,19,5
6470,103,41
6472,3,47
6474,11,23
6476,31,59
6478,7,71
6480,7,17
6482,97,3
6484,7,29
6486,11,43
6488,3,3
6490,19,17
6492,43,7
6494,7,3
6496,103,5
6498,29,7
6500,31,3
6502,7,107
6504,61,47
6506,13,17
6508,7,3
6510,19,13
6512,79,23
6514,13,29
6516,67,19
6518,7,5
6520,7,3
6522,5,13
6524,31,3
6526,37,23
6528,13,5
6530,31,41
6532,109,41
6534,7,5
6536,13,17
6538,67,11
6540,11,13
6542,37,3
6544,3,5
6546,7,13
6548,3,17
6550,7,29
6552,23,11
6554,43,3
6556,3,83
6558,5,5
6560,3,59
6562,79,173
6564,5,19
6566,13,3
6568,79,5
6570,7,17
6572,7,167
6574,37,53
6576,17,7
6578,19,47
6580,3,53
6582,5,23
6584,7,17
6586,7,17
6588,7,37
6590,13,3
6592,7,5
6594,31,17
6596,211,59
6598,79,5
6600,7,7
6602,37,11
6604,151,29
6606,5,13
6608,157,5
6610,37,3
6612,7,5
6614,7,3
6616,37,23
6618,37,11
6620,61,3
6622,37,23
6624,11,17
6626,37,47
6628,3,23
6630,7,7
6632,127,3
6634,7,5
6636,23,5
6638,13,17
6640,73,89
6642,17,17
6644,73,3
6646,157,29
6648,13,43
6650,31,83
6652,97,17
6654,13,5
6656,3,59
6658,3,23
6660,7,7
6662,7,83
6664,3,83
6666,23,7
6668,43,5
6670,3,17
6672,73,11
6674,3,3
6676,7,3
6678,19,11
6680,19,41
6682,3,11
6684,23,37
6686,3,89
6688,7,17
6690,13,17
6692,19,11
6694,7,23
6696,11,43
6698,3,11
6700,3,17
6702,43,13
6704,7,17
6706,163,53
6708,47,5
6710,7,29
6712,3,5
6714,31,7
6716,43,17
6718,7,17
6720,11,29
6722,7,3
6724,3,29
6726,7,5
6728,7,3
6730,37,17
6732,47,5
6734,3,3
6736,7,29
6738,13,5
6740,37,3
6742,3,17
6744,13,13
6746,193,23
6748,3,5
6750,7,13
6752,37,41
6754,73,3
6756,5,5
6758,67,41
6760,43,29
6762,5,37
6764,37,17
6766,31,167
6768,19,17
6770,7,167
6772,13,3
6774,37,23
6776,61,29
6778,37,17
6780,13,17
6782,3,5
6784,157,3
6786,17,7
6788,103,41
6790,3,17
6792,7,17
6794,7,239
6796,37,23
6798,23,5
6800,31,29
6802,7,3
6804,31,17
6806,7,3
6808,163,11
6810,11,11
6812,3,11
6814,7,83
6816,37,7
6818,13,5
6820,43,3
6822,97,5
6824,37,107
6826,7,137
6828,53,17
6830,19,41
6832,19,17
6834,5,7
6836,7,29
6838,37,17
6840,53,11
6842,37,17
6844,43,5
6846,11,43
6848,97,233
6850,37,17
6852,5,31
6854,73,3
6856,31,3
6858,23,41
6860,13,17
6862,13,3
6864,7,7
6866,157,5
6868,19,23
6870,23,11
6872,7,3
6874,13,29
6876,7,19
6878,3,5
6880,7,53
6882,7,13
6884,13,53
6886,13,17
6888,13,13
6890,7,3
6892,7,5
6894,7,5
6896,127,5
6898,127,3
6900,7,101
6902,37,5
6904,97,23
6906,11,7
6908,3,5
6910,31,11
6912,43,47
6914,13,5
6916,3,29
6918,7,7
6920,31,11
6922,67,3
6924,11,13
6926,3,29
6928,19,3
6930,19,29
6932,13,17
6934,67,47
6936,31,7
6938,3,17
6940,157,3
6942,19,31
6944,3,59
6946,13,173
6948,67,31
6950,109,47
6952,7,5
6954,11,29
6956,151,17
6958,13,17
6960,43,7
6962,7,11
6964,61,167
6966,17,13
6968,73,5
6970,7,29
6972,43,23
6974,13,5
6976,97,5
6978,29,41
6980,3,17
6982,37,71
6984,7,5
6986,151,5
6988,163,3
6990,31,11
6992,7,3
6994,67,107
6996,17,5
6998,13,113
7000,73,11
7002,7,37
7004,31,3
7006,73,5
7008,7,5
7010,127,11
7012,43,41
7014,11,17
7016,61,5
7018,3,53
7020,23,11
7022,7,23
7024,31,89
7026,5,43
7028,73,11
7030,61,3
7032,17,7
7034,31,5
7036,3,23
7038,37,11
7040,103,3
7042,67,47
7044,5,29
7046,37,17
7048,7,3
7050,59,7
7052,79,5
7054,7,59
7056,47,5
7058,19,3
7060,67,11
7062,79,23
7064,67,23
7066,37,3
7068,13,5
7070,3,3
7072,37,71
7074,31,13
7076,3,5
7078,163,167
7080,29,29
7082,37,47
7084,73,17
7086,13,17
7088,79,17
7090,31,53
7092,23,7
7094,7,167
7096,7,3
7098,29,5
7100,7,23
7102,73,17
7104,23,5
7106,31,3
7108,37,41
7110,7,17
7112,3,5
7114,7,167
7116,13,7
7118,7,5
7120,73,11
7122,17,5
7124,43,23
7126,31,83
7128,47,5
7130,43,3
7132,3,41
7134,5,67
7136,3,3
7138,37,3
7140,13,29
7142,7,47
7144,37,29
7146,5,7
7148,103,3
7150,7,29
7152,5,13
7154,3,59
7156,7,59
7158,17,11
7160,3,83
7162,19,3
7164,11,7
7166,7,5
7168,379,113
7170,19,7
7172,43,47
7174,67,47
7176,7,7
7178,43,11
7180,19,17
7182,5,41
7184,37,3
7186,7,3
7188,7,11
7190,3,11
7192,193,17
7194,13,5
7196,67,3
7198,13,23
7200,7,29
7202,3,3
7204,31,3
7206,37,17
7208,19,71
7210,67,11
7212,7,37
7214,3,29
7216,31,17
7218,47,11
7220,7,3
7222,7,5
7224,11,19
7226,163,5
7228,73,3
7230,17,19
7232,37,17
7234,37,89
7236,13,5
7238,3,5
7240,79,3
7242,7,31
7244,61,53
7246,7,5
7248,13,7
7250,61,17
7252,3,5
7254,5,7
7256,31,3
7258,37,5
7260,23,19
7262,67,11
7264,151,89
7266,13,13
7268,7,17
7270,7,29
7272,29,7
7274,151,5
7276,3,137
7278,7,7
7280,19,3
7282,37,23
7284,13,7
7286,151,47
7288,103,41
7290,11,41
7292,7,17
7294,3,83
7296,5,7
7298,3,5
7300,31,3
7302,19,11
7304,157,5
7306,43,47
7308,5,23
7310,79,59
7312,7,5
7314,61,19
7316,3,3
7318,3,5
7320,7,17
7322,13,107
7324,151,3
7326,71,17
7328,37,11
7330,7,11
7332,7,5
7334,181,5
7336,103,5
7338,19,5
7340,7,71
7342,103,5
7344,23,13
7346,67,3
7348,37,23
7350,11,13
7352,67,17
7354,7,5
7356,23,67
7358,7,5
7360,13,29
7362,29,61
7364,13,5
7366,7,3
7368,13,17
7370,3,3
7372,3,11
7374,7,43
7376,163,5
7378,103,11
7380,11,13
7382,3,11
7384,7,3
7386,17,37
7388,3,11
7390,19,29
7392,13,13
7394,37,293
7396,37,3
7398,29,13
7400,3,17
7402,3,3
7404,7,5
7406,31,47
7408,13,41
7410,31,11
7412,3,5
7414,43,5
7416,43,7
7418,7,3
7420,79,41
7422,7,7
7424,7,3
7426,31,3
7428,7,17
7430,13,11
7432,19,41
7434,5,19
7436,37,17
7438,67,41
7440,7,17
7442,7,11
7444,31,3
7446,11,19
7448,67,3
7450,7,29
7452,7,5
7454,73,167
7456,103,3
7458,13,7
7460,13,29
7462,3,3
7464,83,13
7466,3,5
7468,67,11
7470,11,13
7472,3,131
7474,43,23
7476,23,13
7478,223,5
7480,3,59
7482,17,7
7484,3,17
7486,3,89
7488,5,43
7490,13,29
7492,7,5
7494,11,59
7496,43,23
7498,3,17
7500,11,19
7502,13,3
7504,3,23
7506,7,59
7508,37,11
7510,3,83
7512,5,41
7514,3,53
7516,7,3
7518,13,23
7520,19,59
7522,97,3
7524,61,5
7526,3,5
7528,97,11
7530,13,7
7532,103,5
7534,13,47
7536,7,5
7538,43,11
7540,37,11
7542,7,7
7544,61,83
7546,61,3
7548,19,23
7550,37,83
7552,7,17
7554,5,5
7556,37,5
7558,37,3
7560,11,13
7562,79,23
7564,7,3
7566,11,5
7568,3,3
7570,67,11
7572,7,41
7574,13,17
7576,163,5
7578,53,5
7580,31,3
7582,127,3
7584,11,17
7586,67,3
7588,43,5
7590,13,29
7592,37,293
7594,31,47
7596,7,5
7598,139,3
7600,7,29
7602,19,11
7604,7,29
7606,37,5
7608,5,31
7610,3,11
7612,37,3
7614,41,7
7616,13,53
7618,43,41
7620,17,11
7622,7,5
7624,7,17
7626,23,13
7628,79,101
7630,13,3
7632,43,23
7634,7,17
7636,67,5
7638,5,11
7640,13,59
7642,19,23
7644,41,5
7646,67,149
7648,193,83
7650,7,13
7652,19,11
7654,3,3
7656,5,5
7658,3,11
7660,37,3
7662,7,31
7664,283,5
7666,7,227
7668,17,5
7670,19,3
7672,13,5
7674,67,43
7676,43,5
7678,127,41
7680,23,11
7682,79,3
7684,7,5
7686,23,17
7688,13,5
7690,7,47
7692,19,11
7694,3,107
7696,31,113
7698,13,13
7700,61,41
7702,79,5
7704,7,53
7706,3,23
7708,7,3
7710,29,31
7712,19,17
7714,3,17
7716,5,19
7718,37,113
7720,19,11
7722,7,31
7724,127,3
7726,37,17
7728,37,5
7730,7,17
7732,13,11
7734,31,5
7736,7,3
7738,7,11
7740,13,17
7742,127,17
7744,7,17
7746,37,5
7748,7,17
7750,73,59
7752,37,7
7754,97,29
7756,13,3
7758,23,7
7760,3,29
7762,3,3
7764,5,7
7766,37,3
7768,97,17
7770,19,13
7772,7,71
7774,97,5
7776,5,7
7778,73,173
7780,7,3
7782,13,17
7784,3,3
7786,13,5
7788,23,7
7790,3,11
7792,19,11
7794,7,7
7796,37,59
7798,3,11
7800,7,17
7802,37,3
7804,3,17
7806,23,37
7808,3,5
7810,7,47
7812,13,11
7814,97,83
7816,3,53
7818,5,11
7820,37,3
7822,3,41
7824,47,5
7826,97,89
7828,67,113
7830,11,7
7832,67,5
7834,31,3
7836,23,19
7838,79,17
7840,3,3
7842,19,17
7844,3,3
7846,43,3
7848,5,61
7850,3,29
7852,19,3
7854,5,13
7856,97,23
7858,37,17
7860,7,31
7862,67,11
7864,67,47
7866,47,13
7868,139,17
7870,109,17
7872,13,11
7874,157,17
7876,3,3
7878,43,31
7880,19,3
7882,37,5
7884,5,13
7886,7,5
7888,7,5
7890,7,23
7892,3,17
7894,7,3
7896,5,17
7898,37,167
7900,151,11
7902,37,7
7904,43,23
7906,31,83
7908,13,5
7910,31,3
7912,7,3
7914,11,7
7916,37,17
7918,3,11
7920,7,7
7922,19,5
7924,31,47
7926,5,17
7928,37,47
7930,3,3
7932,5,31
7934,7,89
7936,271,59
7938,29,13
7940,79,83
7942,7,17
7944,47,67
7946,7,3
7948,3,173
7950,19,29
7952,3,11
7954,223,29
7956,11,19
7958,7,5
7960,3,23
7962,17,5
7964,13,89
7966,31,3
7968,5,7
7970,3,11
7972,19,3
7974,11,5
7976,7,5
7978,19,71
7980,23,11
7982,79,131
7984,67,3
7986,5,19
7988,163,5
7990,3,11
7992,23,17
7994,3,3
7996,13,3
7998,23,11
8000,31,167
8002,79,41
8004,43,53
8006,127,23
8008,37,17
8010,13,23
8012,3,11
8014,43,17
8016,61,17
8018,37,3
8020,7,17
8022,5,13
8024,7,29
8026,43,3
8028,17,7
8030,3,41
8032,109,3
8034,11,97
8036,31,23
8038,19,41
8040,7,7
8042,7,3
8044,7,17
8046,37,19
8048,13,3
8050,37,41
8052,7,5
8054,43,3
8056,7,23
8058,7,7
8060,43,11
8062,7,113
8064,5,37
8066,7,17
8068,37,5
8070,7,11
8072,19,5
8074,7,83
8076,13,5
8078,3,11
8080,61,71
8082,37,41
8084,127,257
8086,67,17
8088,17,5
8090,43,71
8092,19,53
8094,11,5
8096,3,17
8098,43,5
8100,11,11
8102,13,53
8104,7,83
8106,37,5
8108,19,5
8110,3,3
8112,17,5
8114,7,23
8116,31,53
8118,7,17
8120,13,17
8122,19,41
8124,7,43
8126,3,5
8128,37,3
8130,13,11
8132,43,5
8134,67,17
8136,7,7
8138,3,251
8140,67,3
8142,43,31
8144,7,3
8146,37,29
8148,5,17
8150,13,29
8152,3,71
8154,5,7
8156,31,5
8158,7,17
8160,11,19
8162,3,5
8164,37,23
8166,11,7
8168,73,191
8170,73,3
8172,17,13
8174,151,5
8176,3,5
8178,5,17
8180,3,11
8182,67,17
8184,5,17
8186,3,5
8188,163,3
8190,17,23
8192,97,5
8194,37,5
8196,7,7
8198,7,47
8200,7,227
8202,23,7
8204,13,23
8206,7,3
8208,23,5
8210,19,3
8212,7,5
8214,7,7
8216,37,5
8218,3,41
8220,41,23
8222,37,5
8224,3,83
8226,11,17
8228,109,47
8230,79,17
8232,5,11
8234,37,17
8236,7,59
8238,17,13
8240,7,53
8242,7,3
8244,11,13
8246,3,17
8248,37,3
8250,13,7
8252,79,3
8254,43,3
8256,7,29
8258,19,3
8260,3,17
8262,5,5
8264,3,137
8266,7,23
8268,5,17
8270,3,71
8272,13,5
8274,5,67
8276,13,3
8278,3,5
8280,11,11
8282,3,17
8284,67,29
8286,5,5
8288,67,5
8290,7,173
8292,13,5
8294,31,3
8296,211,23
8298,37,11
8300,43,41
8302,19,3
8304,5,5
8306,3,3
8308,3,17
8310,29,7
8312,13,11
8314,61,3
8316,41,13
8318,67,5
8320,3,3
8322,17,7
8324,37,89
8326,31,5
8328,7,41
8330,73,23
8332,37,41
8334,31,13
8336,31,3
8338,193,3
8340,13,11
8342,307,83
8344,13,5
8346,61,17
8348,73,5
8350,31,11
8352,5,13
8354,13,53
8356,97,29
8358,19,11
8360,7,47
8362,3,3
8364,37,37
8366,73,83
8368,67,17
8370,13,7
8372,37,71
8374,7,5
8376,13,13
8378,7,53
8380,3,17
8382,23,5
8384,37,23
8386,73,17
8388,29,7
8390,37,11
8392,19,11
8394,11,13
8396,43,59
8398,67,191
8400,11,29
8402,13,5
8404,7,3
8406,5,5
8408,3,3
8410,7,83
8412,5,7
8414,3,17
8416,13,5
8418,7,17
8420,61,23
8422,3,53
8424,17,7
8426,7,59
8428,229,23
8430,7,13
8432,37,11
8434,31,17
8436,11,17
8438,7,293
8440,7,23
8442,13,11
8444,67,3
8446,3,47
8448,7,47
8450,19,3
8452,13,3
8454,53,7
8456,43,3
8458,7,5
8460,29,11
8462,3,3
8464,3,17
8466,7,19
8468,19,23
8470,19,17
8472,89,13
8474,7,53
8476,67,53
8478,29,11
8480,7,101
8482,37,3
8484,31,17
8486,37,23
8488,3,17
8490,11,11
8492,3,17
8494,13,17
8496,7,13
8498,37,5
8500,67,3
8502,7,11
8504,3,3
8506,31,47
8508,17,11
8510,13,3
8512,3,23
8514,67,7
8516,37,3
8518,3,3
8520,29,53
8522,7,11
8524,7,5
8526,5,5
8528,37,3
8530,3,11
8532,173,11
8534,61,53
8536,31,5
8538,47,13
8540,3,47
8542,7,5
8544,7,13
8546,7,47
8548,7,5
8550,17,17
8552,37,41
8554,97,3
8556,5,29
8558,7,17
8560,37,227
8562,23,37
8564,67,5
8566,7,59
8568,53,31
8570,19,59
8572,3,11
8574,5,17
8576,151,23
8578,37,53
8580,37,17
8582,3,11
8584,7,23
8586,13,13
8588,37,5
8590,7,3
8592,7,5
8594,61,3
8596,13,17
8598,5,17
8600,67,3
8602,3,41
8604,11,5
8606,31,47
8608,7,23
8610,11,11
8612,193,3
8614,7,3
8616,47,13
8618,7,5
8620,3,11
8622,5,13
8624,31,3
8626,61,5
8628,13,11
8630,7,23
8632,3,11
8634,17,5
8636,151,47
8638,139,3
8640,7,7
8642,7,3
8644,61,17
8646,5,5
8648,13,3
8650,7,17
8652,17,17
8654,61,23
8656,67,5
8658,17,7
8660,37,11
8662,67,83
8664,13,7
8666,3,17
8668,103,5
8670,13,31
8672,7,41
8674,73,17
8676,23,5
8678,19,71
8680,37,17
8682,29,7
8684,7,17
8686,3,3
8688,19,7
8690,73,47
8692,13,3
8694,5,17
8696,163,5
8698,67,17
8700,23,7
8702,7,5
8704,37,3
8706,5,5
8708,3,23
8710,37,23
8712,23,53
8714,43,5
8716,67,3
8718,17,17
8720,61,17
8722,19,3
8724,7,7
8726,3,3
8728,3,5
8730,7,11
8732,3,5
8734,7,47
8736,103,43
8738,13,3
8740,3,53
8742,17,7
8744,61,5
8746,3,29
8748,7,23
8750,79,71
8752,37,17
8754,17,13
8756,7,17
8758,3,53
8760,53,11
8762,79,5
8764,3,3
8766,5,47
8768,7,11
8770,19,11
8772,5,11
8774,67,3
8776,13,47
8778,13,13
8780,19,17
8782,199,3
8784,11,5
8786,3,47
8788,7,3
8790,41,19
8792,19,17
8794,193,5
8796,23,7
8798,3,293
8800,43,3
8802,23,7
8804,7,3
8806,3,29
8808,5,13
8810,7,83
8812,67,11
8814,7,17
8816,37,53
8818,79,113
8820,11,13
8822,19,5
8824,37,53
8826,23,23
8828,37,23
8830,3,11
8832,47,7
8834,31,3
8836,97,5
8838,17,5
8840,109,3
8842,127,53
8844,7,53
8846,61,17
8848,19,11
8850,13,13
8852,127,3
8854,211,17
8856,5,17
8858,7,83
8860,13,173
8862,19,11
8864,13,29
8866,3,3
8868,53,13
8870,31,59
8872,43,11
8874,5,23
8876,37,17
8878,37,83
8880,29,29
8882,127,11
8884,7,3
8886,13,5
8888,13,5
8890,3,71
8892,29,7
8894,3,5
8896,7,17
8898,5,13
8900,3,41
8902,19,41
8904,17,13
8906,7,17
8908,109,11
8910,29,7
8912,43,5
8914,157,17
8916,43,5
8918,3,23
8920,67,41
8922,7,41
8924,61,59
8926,37,5
8928,29,13
8930,37,3
8932,109,71
8934,11,7
8936,7,173
8938,73,11
8940,7,7
8942,73,101
8944,7,3
8946,11,13
8948,43,17
8950,13,11
8952,43,5
8954,103,53
8956,31,5
8958,5,17
8960,3,17
8962,7,3
8964,7,29
8966,31,17
8968,3,467
8970,11,7
8972,13,3
8974,31,5
8976,13,113
8978,37,3
8980,3,3
8982,43,11
8984,3,3
8986,61,17
8988,73,5
8990,61,3
8992,3,17
8994,7,23
8996,31,3
8998,3,5
9000,13,43
9002,19,17
9004,13,5
9006,7,5
9008,19,3
9010,7,3
9012,107,11
9014,7,5
9016,13,29
9018,79,5
9020,67,113
9022,19,11
9024,23,23
9026,3,167
9028,7,3
9030,29,11
9032,13,71
9034,3,29
9036,11,5
9038,7,23
9040,13,3
9042,7,5
9044,193,5
9046,67,227
9048,17,7
9050,7,41
9052,7,101
9054,7,19
9056,7,83
9058,3,23
9060,11,7
9062,43,3
9064,7,3
9066,5,13
9068,37,3
9070,7,59
9072,5,23
9074,61,47
9076,7,5
9078,19,11
9080,31,41
9082,109,11
9084,5,5
9086,13,3
9088,43,3
9090,7,17
9092,37,11
9094,37,149
9096,11,5
9098,7,3
9100,19,3
9102,7,5
9104,13,17
9106,43,17
9108,7,7
9110,3,53
9112,43,47
9114,5,19
9116,7,5
9118,7,3
9120,23,31
9122,3,17
9124,13,29
9126,7,19
9128,3,113
9130,7,17
9132,13,5
9134,31,47
9136,7,23
9138,7,41
9140,13,71
9142,19,11
9144,7,13
9146,13,383
9148,43,41
9150,11,11
9152,7,3
9154,127,29
9156,41,37
9158,13,5
9160,7,17
9162,19,7
9164,3,3
9166,7,17
9168,7,13
9170,3,17
9172,37,3
9174,53,7
9176,3,3
9178,73,23
9180,7,7
9182,139,23
9184,31,29
9186,61,13
9188,37,71
9190,3,89
9192,19,11
9194,3,5
9196,37,23
9198,13,13
9200,139,41
9202,13,5
9204,5,19
9206,3,3
9208,67,17
9210,7,7
9212,97,11
9214,7,59
9216,101,47
9218,43,3
9220,3,41
9222,43,31
9224,7,17
9226,3,89
9228,5,5
9230,31,29
9232,19,3
9234,5,13
9236,13,17
9238,43,3
9240,67,23
9242,13,71
9244,3,3
9246,31,7
9248,3,47
9250,127,17
9252,7,5
9254,43,5
9256,97,5
9258,23,11
9260,37,89
9262,7,41
9264,13,5
9266,163,3
9268,43,5
9270,11,29
9272,7,17
9274,7,59
9276,5,17
9278,3,41
9280,7,101
9282,19,11
9284,43,29
9286,31,89
9288,59,7
9290,43,17
9292,3,17
9294,53,13
9296,3,29
9298,7,71
9300,7,13
9302,7,17
9304,3,89
9306,7,29
9308,19,5
9310,37,29
9312,5,31
9314,43,113
9316,3,173
9318,29,11
9320,31,29
9322,7,5
9324,31,17
9326,97,89
9328,7,5
9330,19,17
9332,7,3
9334,3,167
9336,43,13
9338,67,41
9340,97,3
9342,43,61
9344,37,5
9346,3,149
9348,17,17
9350,19,59
9352,37,3
9354,7,7
9356,7,167
9358,43,3
9360,17,7
9362,7,3
9364,43,17
9366,17,43
9368,19,17
9370,13,29
9372,5,5
9374,37,3
9376,3,17
9378,5,17
9380,19,3
9382,67,17
9384,7,5
9386,7,5
9388,157,5
9390,43,11
9392,43,71
9394,3,5
9396,37,17
9398,139,47
9400,31,11
9402,7,11
9404,67,17
9406,67,29
9408,47,5
9410,163,71
9412,3,101
9414,17,19
9416,7,53
9418,79,3
9420,11,23
9422,13,17
9424,61,3
9426,11,17
9428,7,41
9430,31,3
9432,7,11
9434,97,59
9436,3,83
9438,7,17
9440,3,3
9442,3,17
9444,7,19
9446,3,17
9448,7,41
9450,17,13
9452,37,23
9454,3,5
9456,11,47
9458,37,137
9460,67,17
9462,5,7
9464,3,83
9466,13,5
9468,37,61
9470,37,17
9472,19,3
9474,31,5
9476,37,29
9478,13,113
9480,23,23
9482,7,17
9484,61,149
9486,11,7
9488,37,5
9490,7,17
9492,17,13
9494,13,83
9496,7,5
9498,5,11
9500,7,3
9502,43,3
9504,7,13
9506,31,47
9508,19,23
9510,11,13
9512,109,5
9514,7,59
9516,11,17
9518,43,23
9520,13,11
9522,19,7
9524,31,47
9526,31,5
9528,23,11
9530,37,89
9532,7,71
9534,5,5
9536,97,3
9538,7,5
9540,11,7
9542,103,17
9544,3,3
9546,11,5
9548,43,131
9550,19,3
9552,37,13
9554,3,23
9556,3,3
9558,13,13
9560,37,17
9562,37,11
9564,11,13
9566,181,29
9568,67,47
9570,23,7
9572,37,41
9574,7,29
9576,11,5
9578,97,3
9580,7,3
9582,5,5
9584,67,23
9586,3,29
9588,13,7
9590,37,11
9592,7,23
9594,17,5
9596,3,53
9598,7,5
9600,17,11
9602,13,3
9604,13,3
9606,11,5
9608,3,5
9610,67,3
9612,17,11
9614,13,29
9616,43,17
9618,5,23
9620,67,23
9622,3,47
9624,5,17
9626,31,5
9628,7,17
9630,7,19
9632,139,17
9634,127,3
9636,7,13
9638,3,3
9640,31,3
9642,43,11
9644,67,5
9646,3,113
9648,5,37
9650,31,17
9652,67,5
9654,5,17
9656,31,5
9658,37,3
9660,13,19
9662,13,41
9664,31,83
9666,7,19
9668,73,11
9670,67,47
9672,19,5
9674,127,5
9676,163,17
9678,17,13
9680,7,41
9682,3,3
9684,7,29
9686,7,23
9688,97,41
9690,11,13
9692,37,17
9694,151,5
9696,5,7
9698,7,11
9700,37,41
9702,37,31
9704,43,3
9706,3,3
9708,23,5
9710,19,11
9712,3,3
9714,47,5
9716,3,5
9718,7,191
9720,29,53
9722,19,83
9724,31,53
9726,11,7
9728,79,23
9730,103,17
9732,7,7
9734,73,29
9736,67,5
9738,5,17
9740,31,173
9742,43,23
9744,13,19
9746,67,17
9748,43,5
9750,7,17
9752,37,41
9754,67,5
9756,5,29
9758,19,3
9760,19,3
9762,23,7
9764,7,17
9766,31,3
9768,13,31
9770,97,17
9772,67,257
9774,7,5
9776,73,83
9778,3,47
9780,17,13
9782,109,5
9784,13,29
9786,11,17
9788,13,17
9790,31,29
9792,5,5
9794,37,23
9796,7,29
9798,5,43
9800,31,3
9802,37,3
9804,7,7
9806,31,59
9808,7,3
9810,13,19
9812,7,3
9814,3,47
9816,11,19
9818,109,5
9820,7,11
9822,23,5
9824,97,5
9826,37,23
9828,17,5
9830,13,3
9832,3,17
9834,37,53
9836,3,5
9838,7,11
9840,29,17
9842,73,11
9844,97,3
9846,13,17
9848,37,3
9850,37,23
9852,7,53
9854,97,5
9856,37,23
9858,43,7
9860,31,173
9862,3,23
9864,5,13
9866,157,3
9868,7,3
9870,31,11
9872,37,5
9874,13,29
9876,43,5
9878,19,3
9880,31,11
9882,19,7
9884,61,5
9886,163,113
9888,7,17
9890,3,11
9892,3,5
9894,11,13
9896,163,3
9898,13,17
9900,13,37
9902,3,17
9904,3,53
9906,5,5
9908,7,11
9910,13,17
9912,19,31
9914,37,3
9916,13,5
9918,5,7
9920,19,17
9922,67,17
9924,41,19
9926,67,29
9928,7,83
9930,7,41
9932,193,53
9934,3,83
9936,31,19
9938,7,5
9940,13,11
9942,19,5
9944,3,3
9946,151,17
9948,23,13
9950,3,53
9952,97,5
9954,37,43
9956,13,5
9958,3,17
9960,89,7
9962,337,11
9964,43,17
9966,7,59
9968,3,17
9970,19,3
9972,17,5
9974,73,17
9976,3,17
9978,59,13
9980,7,23
9982,3,41
9984,37,7
9986,37,3
9988,3,431
9990,11,11
9992,3,11
9994,37,17
9996,5,19
9998,7,5
10000,7,11
